,Ar,TegundNr,EldsnTegHeiti,Notkun
2,1982,1,Bensín,37616.0
10,1982,1,Dísilolía,10993.0
11,1982,1,Dísilolía,20697.0
23,1982,1,Bensín,26328.0
29,1982,1,Dísilolía,7900.0
30,1982,1,Dísilolía,6632.0
38,1982,1,Bensín,31909.0
46,1982,1,Dísilolía,10491.0
47,1982,1,Dísilolía,3195.0
59,1983,1,Bensín,36206.0
68,1983,1,Dísilolía,11236.0
69,1983,1,Dísilolía,23348.0
81,1983,1,Bensín,26091.0
87,1983,1,Dísilolía,8000.0
88,1983,1,Dísilolía,7712.0
97,1983,1,Bensín,30716.0
107,1983,1,Dísilolía,10544.0
108,1983,1,Dísilolía,2914.0
120,1984,1,Bensín,36332.0
130,1984,1,Dísilolía,11524.0
131,1984,1,Dísilolía,2655.0
132,1984,1,Dísilolía,19815.0
146,1984,1,Bensín,27394.0
153,1984,1,Dísilolía,8100.0
154,1984,1,Dísilolía,10162.0
163,1984,1,Bensín,31471.0
172,1984,1,Dísilolía,10340.0
173,1984,1,Dísilolía,4025.0
185,1985,1,Bensín,37955.0
195,1985,1,Dísilolía,12085.0
196,1985,1,Dísilolía,2777.0
197,1985,1,Dísilolía,17917.0
211,1985,1,Bensín,28500.0
218,1985,1,Dísilolía,8115.0
219,1985,1,Dísilolía,9961.0
227,1985,1,Bensín,32284.0
237,1985,1,Dísilolía,11364.0
238,1985,1,Dísilolía,3325.0
250,1986,1,Bensín,16878.0
251,1986,1,Bensín,23805.0
260,1986,1,Dísilolía,12910.0
261,1986,1,Dísilolía,2928.0
262,1986,1,Dísilolía,17049.0
276,1986,1,Bensín,30222.0
284,1986,1,Dísilolía,8258.0
285,1986,1,Dísilolía,9019.0
293,1986,1,Bensín,34077.0
303,1986,1,Dísilolía,12140.0
304,1986,1,Dísilolía,3080.0
316,1987,1,Bensín,39574.0
317,1987,1,Bensín,7859.0
327,1987,1,Dísilolía,13430.0
328,1987,1,Dísilolía,4159.0
329,1987,1,Dísilolía,17411.0
343,1987,1,Bensín,31644.0
352,1987,1,Dísilolía,8493.0
353,1987,1,Dísilolía,8866.0
364,1987,1,Bensín,30770.0
365,1987,1,Bensín,7675.0
376,1987,1,Dísilolía,12444.0
377,1987,1,Dísilolía,3346.0
389,1988,1,Bensín,27084.0
390,1988,1,Bensín,24062.0
399,1988,1,Dísilolía,13653.0
400,1988,1,Dísilolía,3919.0
401,1988,1,Dísilolía,16892.0
414,1988,1,Bensín,17442.0
415,1988,1,Bensín,15975.0
424,1988,1,Dísilolía,9238.0
425,1988,1,Dísilolía,8909.0
436,1988,1,Bensín,22925.0
437,1988,1,Bensín,18572.0
448,1988,1,Dísilolía,12650.0
449,1988,1,Dísilolía,2703.0
461,1989,1,Bensín,22590.0
462,1989,1,Bensín,28049.0
471,1989,1,Dísilolía,14141.0
472,1989,1,Dísilolía,3611.0
473,1989,1,Dísilolía,18067.0
488,1989,1,Bensín,15937.0
489,1989,1,Bensín,18816.0
498,1989,1,Dísilolía,9982.0
499,1989,1,Dísilolía,9558.0
510,1989,1,Bensín,18846.0
511,1989,1,Bensín,21252.0
522,1989,1,Dísilolía,12562.0
523,1989,1,Dísilolía,2979.0
536,1990,1,Bensín,26546.0
537,1990,1,Bensín,24596.0
546,1990,1,Dísilolía,13539.0
547,1990,1,Dísilolía,3697.0
548,1990,1,Dísilolía,18946.0
571,1990,1,Bensín,18515.0
572,1990,1,Bensín,16719.0
581,1990,1,Dísilolía,10727.0
582,1990,1,Dísilolía,10130.0
596,1990,1,Bensín,22072.0
597,1990,1,Bensín,19364.0
608,1990,1,Dísilolía,12301.0
609,1990,1,Dísilolía,5208.0
622,1991,1,Bensín,35225.0
623,1991,1,Bensín,17569.0
632,1991,1,Dísilolía,13343.0
633,1991,1,Dísilolía,3662.0
634,1991,1,Dísilolía,17544.0
657,1991,1,Bensín,23309.0
658,1991,1,Bensín,12179.0
667,1991,1,Dísilolía,11471.0
668,1991,1,Dísilolía,9652.0
682,1991,1,Bensín,30524.0
683,1991,1,Bensín,13831.0
694,1991,1,Dísilolía,12622.0
695,1991,1,Dísilolía,5382.0
708,1992,1,Bensín,40474.0
709,1992,1,Bensín,13315.0
718,1992,1,Dísilolía,13655.0
719,1992,1,Dísilolía,4255.0
720,1992,1,Dísilolía,16581.0
742,1992,1,Bensín,28076.0
743,1992,1,Bensín,9578.0
752,1992,1,Dísilolía,12488.0
753,1992,1,Dísilolía,8255.0
769,1992,1,Bensín,34425.0
770,1992,1,Bensín,10114.0
781,1992,1,Dísilolía,12341.0
782,1992,1,Dísilolía,4683.0
796,1993,1,Bensín,43410.0
797,1993,1,Bensín,10119.0
806,1993,1,Dísilolía,13444.0
807,1993,1,Dísilolía,5098.0
808,1993,1,Dísilolía,17217.0
832,1993,1,Bensín,30080.0
833,1993,1,Bensín,7460.0
842,1993,1,Dísilolía,13382.0
843,1993,1,Dísilolía,8768.0
859,1993,1,Bensín,35764.0
860,1993,1,Bensín,7719.0
871,1993,1,Dísilolía,12049.0
872,1993,1,Dísilolía,5381.0
885,1994,1,Bensín,46057.0
886,1994,1,Bensín,8485.0
895,1994,1,Dísilolía,13688.0
896,1994,1,Dísilolía,4980.0
897,1994,1,Dísilolía,18959.0
921,1994,1,Bensín,31522.0
922,1994,1,Bensín,6287.0
931,1994,1,Dísilolía,13678.0
932,1994,1,Dísilolía,8390.0
948,1994,1,Bensín,36959.0
949,1994,1,Bensín,6766.0
959,1994,1,Dísilolía,12345.0
960,1994,1,Dísilolía,4833.0
972,1995,1,Bensín,48047.0
973,1995,1,Bensín,7210.0
980,1995,1,Dísilolía,14846.0
981,1995,1,Dísilolía,5380.0
982,1995,1,Dísilolía,18359.0
1009,1995,1,Bensín,31966.0
1010,1995,1,Bensín,5159.0
1018,1995,1,Dísilolía,8581.0
1019,1995,1,Dísilolía,15647.0
1034,1995,1,Bensín,37590.0
1035,1995,1,Bensín,5629.0
1045,1995,1,Dísilolía,13435.0
1046,1995,1,Dísilolía,7350.0
1057,1996,1,Bensín,53747.0
1058,1996,1,Bensín,1242.0
1066,1996,1,Dísilolía,15786.0
1067,1996,1,Dísilolía,5455.0
1068,1996,1,Dísilolía,19168.0
1097,1996,1,Bensín,35566.0
1098,1996,1,Bensín,1272.0
1110,1996,1,Dísilolía,8104.0
1111,1996,1,Dísilolía,576.0
1112,1996,1,Dísilolía,9281.0
1132,1996,1,Bensín,44072.0
1133,1996,1,Bensín,1928.0
1143,1996,1,Dísilolía,4520.0
1144,1996,1,Dísilolía,10844.0
1155,1997,1,Bensín,53689.0
1163,1997,1,Dísilolía,16084.0
1164,1997,1,Dísilolía,6191.0
1165,1997,1,Dísilolía,23967.0
1191,1997,1,Bensín,37660.0
1203,1997,1,Dísilolía,6558.0
1204,1997,1,Dísilolía,15676.0
1222,1997,1,Bensín,46706.0
1223,1997,1,Bensín,0.0
1230,1997,1,Dísilolía,15207.0
1231,1997,1,Dísilolía,8778.0
1242,1998,1,Bensín,55009.0
1250,1998,1,Dísilolía,17888.0
1251,1998,1,Dísilolía,7983.0
1252,1998,1,Dísilolía,23435.0
1278,1998,1,Bensín,39204.0
1290,1998,1,Dísilolía,6438.0
1291,1998,1,Dísilolía,656.0
1292,1998,1,Dísilolía,8751.0
1311,1998,1,Bensín,47799.0
1312,1998,1,Bensín,0.0
1319,1998,1,Dísilolía,12042.0
1320,1998,1,Dísilolía,14404.0
1331,1999,1,Bensín,55899.0
1338,1999,1,Dísilolía,22841.0
1339,1999,1,Dísilolía,8921.0
1340,1999,1,Dísilolía,23753.0
1365,1999,1,Bensín,40107.0
1378,1999,1,Dísilolía,3936.0
1379,1999,1,Dísilolía,376.0
1380,1999,1,Dísilolía,13147.0
1399,1999,1,Bensín,48703.0
1400,1999,1,Bensín,0.0
1407,1999,1,Dísilolía,14887.0
1408,1999,1,Dísilolía,14339.0
1420,2000,1,Bensín,53862.0
1428,2000,1,Dísilolía,27072.0
1429,2000,1,Dísilolía,8650.0
1430,2000,1,Dísilolía,25330.0
1456,2000,1,Metan,6.0
1460,2000,1,Bensín,40623.0
1461,2000,1,Bensín,0.0
1474,2000,1,Dísilolía,3320.0
1475,2000,1,Dísilolía,11.0
1476,2000,1,Dísilolía,14378.0
1497,2000,1,Bensín,48114.0
1498,2000,1,Bensín,0.0
1506,2000,1,Dísilolía,17071.0
1507,2000,1,Dísilolía,13516.0
1520,2001,1,Bensín,54325.0
1529,2001,1,Dísilolía,28420.0
1530,2001,1,Dísilolía,8530.0
1531,2001,1,Dísilolía,23788.0
1557,2001,1,Metan,12.0
1561,2001,1,Bensín,40448.0
1562,2001,1,Bensín,0.0
1575,2001,1,Dísilolía,1792.0
1576,2001,1,Dísilolía,2.0
1577,2001,1,Dísilolía,13316.0
1599,2001,1,Bensín,48832.0
1600,2001,1,Bensín,0.0
1608,2001,1,Dísilolía,18225.0
1609,2001,1,Dísilolía,14902.0
1622,2002,1,Bensín,54498.0
1631,2002,1,Dísilolía,29738.0
1632,2002,1,Dísilolía,8716.0
1633,2002,1,Dísilolía,21689.0
1656,2002,1,Metan,15.0
1660,2002,1,Bensín,42577.0
1661,2002,1,Bensín,0.0
1674,2002,1,Dísilolía,1811.0
1675,2002,1,Dísilolía,0.0
1676,2002,1,Dísilolía,14067.0
1697,2002,1,Bensín,47898.0
1698,2002,1,Bensín,0.0
1706,2002,1,Dísilolía,18249.0
1707,2002,1,Dísilolía,12221.0
1713,2003,1,Dísilolía,1079.0
1719,2003,1,Bensín,55403.0
1720,2003,1,Steinolía og þotueldsneyti,0.0
1721,2003,1,Steinolía og þotueldsneyti,0.0
1724,2003,1,Dísilolía,33976.0
1725,2003,1,Dísilolía,32254.0
1787,2003,1,Metan,24.0
1791,2003,1,Bensín,42512.0
1792,2003,1,Steinolía og þotueldsneyti,18.0
1793,2003,1,Steinolía og þotueldsneyti,112.0
1796,2003,1,Dísilolía,18206.0
1797,2003,1,Dísilolía,10550.0
1831,2003,1,Bensín,48773.0
1832,2003,1,Steinolía og þotueldsneyti,41.0
1835,2003,1,Dísilolía,20652.0
1836,2003,1,Dísilolía,8068.0
1851,2004,1,Bensín,4320.0
1852,2004,1,Dísilolía,2986.0
1853,2004,1,Dísilolía,2769.0
1859,2004,1,Bensín,56267.0
1860,2004,1,Steinolía og þotueldsneyti,0.0
1861,2004,1,Steinolía og þotueldsneyti,0.0
1864,2004,1,Dísilolía,35252.0
1865,2004,1,Dísilolía,38657.0
1927,2004,1,Metan,25.0
1931,2004,1,Bensín,40812.0
1932,2004,1,Steinolía og þotueldsneyti,12.0
1933,2004,1,Steinolía og þotueldsneyti,101.0
1936,2004,1,Dísilolía,19025.0
1937,2004,1,Dísilolía,10177.0
1970,2004,1,Bensín,50051.0
1971,2004,1,Steinolía og þotueldsneyti,50.0
1974,2004,1,Dísilolía,22356.0
1975,2004,1,Dísilolía,10751.0
1989,2005,1,Bensín,7958.0
1990,2005,1,Dísilolía,3518.0
1991,2005,1,Dísilolía,3137.0
1997,2005,1,Bensín,58847.0
1998,2005,1,Steinolía og þotueldsneyti,0.0
1999,2005,1,Steinolía og þotueldsneyti,0.0
2002,2005,1,Dísilolía,33758.0
2003,2005,1,Dísilolía,39418.0
2066,2005,1,Metan,39.0
2070,2005,1,Bensín,43320.0
2071,2005,1,Steinolía og þotueldsneyti,22.0
2072,2005,1,Steinolía og þotueldsneyti,101.0
2075,2005,1,Dísilolía,22203.0
2076,2005,1,Dísilolía,11711.0
2105,2005,1,Bensín,46605.0
2106,2005,1,Steinolía og þotueldsneyti,50.0
2109,2005,1,Dísilolía,23999.0
2110,2005,1,Dísilolía,13515.0
2127,2005,1,Vetni,9.0
2128,2006,1,Bensín,16039.0
2129,2006,1,Dísilolía,6978.0
2130,2006,1,Dísilolía,2608.0
2136,2006,1,Bensín,56365.0
2137,2006,1,Steinolía og þotueldsneyti,0.0
2138,2006,1,Steinolía og þotueldsneyti,0.0
2141,2006,1,Dísilolía,42940.0
2142,2006,1,Dísilolía,40520.0
2202,2006,1,Dísilolía,10000.0
2203,2006,1,Dísilolía,-10000.0
2204,2006,1,Metan,98.0
2207,2006,1,Bensín,43658.0
2208,2006,1,Steinolía og þotueldsneyti,4.0
2209,2006,1,Steinolía og þotueldsneyti,77.0
2212,2006,1,Dísilolía,26756.0
2213,2006,1,Dísilolía,13474.0
2242,2006,1,Bensín,45166.0
2243,2006,1,Steinolía og þotueldsneyti,44.0
2246,2006,1,Dísilolía,27831.0
2247,2006,1,Dísilolía,14731.0
2264,2006,1,Vetni,11.0
2265,2007,1,Bensín,20096.0
2266,2007,1,Dísilolía,9297.0
2267,2007,1,Dísilolía,2032.0
2273,2007,1,Bensín,54908.0
2274,2007,1,Steinolía og þotueldsneyti,69.0
2276,2007,1,Dísilolía,46236.0
2277,2007,1,Dísilolía,32815.0
2300,2007,1,Metan,166.0
2310,2007,1,Dísilolía,7000.0
2311,2007,1,Dísilolía,-7000.0
2315,2007,1,Bensín,42722.0
2316,2007,1,Steinolía og þotueldsneyti,88.0
2317,2007,1,Steinolía og þotueldsneyti,0.0
2320,2007,1,Dísilolía,29643.0
2321,2007,1,Dísilolía,13416.0
2379,2007,1,Bensín,42196.0
2380,2007,1,Steinolía og þotueldsneyti,33.0
2383,2007,1,Dísilolía,33687.0
2384,2007,1,Dísilolía,20392.0
2401,2008,1,Bensín,23870.0
2402,2008,1,Dísilolía,10869.0
2403,2008,1,Dísilolía,2252.0
2432,2008,1,Bensín,50462.0
2433,2008,1,Steinolía og þotueldsneyti,209.0
2434,2008,1,Steinolía og þotueldsneyti,0.0
2437,2008,1,Dísilolía,42695.0
2438,2008,1,Dísilolía,23684.0
2493,2008,1,Metan,373.0
2496,2008,1,Vetni,0.0
2513,2008,1,Bensín,42048.0
2514,2008,1,Steinolía og þotueldsneyti,270.0
2515,2008,1,Steinolía og þotueldsneyti,0.0
2518,2008,1,Dísilolía,29261.0
2519,2008,1,Dísilolía,11455.0
2578,2008,1,Bensín,38735.0
2579,2008,1,Steinolía og þotueldsneyti,313.0
2580,2008,1,Steinolía og þotueldsneyti,1.0
2583,2008,1,Dísilolía,31139.0
2584,2008,1,Dísilolía,21629.0
2637,2008,1,Vetni,1409.0
2639,2009,1,Bensín,24030.0
2640,2009,1,Dísilolía,10521.0
2641,2009,1,Dísilolía,1442.0
2651,2009,1,Bensín,49748.0
2652,2009,1,Steinolía og þotueldsneyti,1128.0
2653,2009,1,Steinolía og þotueldsneyti,21.0
2656,2009,1,Dísilolía,49088.0
2657,2009,1,Dísilolía,18316.0
2709,2009,1,Metan,437.0
2723,2009,1,Steinolía og þotueldsneyti,-3000.0
2728,2009,1,Bensín,42283.0
2729,2009,1,Steinolía og þotueldsneyti,163.0
2730,2009,1,Steinolía og þotueldsneyti,0.0
2733,2009,1,Dísilolía,27364.0
2734,2009,1,Dísilolía,7827.0
2789,2009,1,Bensín,38871.0
2790,2009,1,Steinolía og þotueldsneyti,2712.0
2791,2009,1,Steinolía og þotueldsneyti,0.0
2794,2009,1,Dísilolía,27518.0
2795,2009,1,Dísilolía,13082.0
2845,2009,1,Vetni,1282.0
2849,2010,1,Bensín,23963.0
2850,2010,1,Steinolía og þotueldsneyti,0.0
2851,2010,1,Steinolía og þotueldsneyti,0.0
2854,2010,1,Dísilolía,10058.0
2855,2010,1,Dísilolía,306.0
2881,2010,1,Bensín,46808.0
2882,2010,1,Steinolía og þotueldsneyti,578.0
2883,2010,1,Steinolía og þotueldsneyti,30.0
2886,2010,1,Dísilolía,44739.0
2887,2010,1,Dísilolía,14002.0
2941,2010,1,Metan,595.0
2944,2010,1,Vetni,0.0
2959,2010,1,Bensín,38117.0
2960,2010,1,Steinolía og þotueldsneyti,231.0
2961,2010,1,Steinolía og þotueldsneyti,0.0
2964,2010,1,Dísilolía,25328.0
2965,2010,1,Dísilolía,7615.0
3026,2010,1,Bensín,39326.0
3027,2010,1,Steinolía og þotueldsneyti,362.0
3028,2010,1,Steinolía og þotueldsneyti,17.0
3031,2010,1,Dísilolía,26308.0
3032,2010,1,Dísilolía,10302.0
3082,2010,1,Vetni,2153.0
3084,2011,1,Bensín,22139.0
3085,2011,1,Dísilolía,9141.0
3086,2011,1,Dísilolía,341.0
3115,2011,1,Bensín,45310.0
3116,2011,1,Steinolía og þotueldsneyti,1131.0
3117,2011,1,Steinolía og þotueldsneyti,258.0
3120,2011,1,Dísilolía,42955.0
3121,2011,1,Dísilolía,13230.0
3182,2011,1,Metan,1328.0
3197,2011,1,Bensín,35323.0
3198,2011,1,Steinolía og þotueldsneyti,562.0
3199,2011,1,Steinolía og þotueldsneyti,0.0
3202,2011,1,Dísilolía,26968.0
3203,2011,1,Dísilolía,4207.0
3265,2011,1,Bensín,39916.0
3266,2011,1,Steinolía og þotueldsneyti,1211.0
3267,2011,1,Steinolía og þotueldsneyti,6.0
3270,2011,1,Dísilolía,27229.0
3271,2011,1,Dísilolía,9877.0
3332,2011,1,Vetni,1132.0
3337,2012,1,Bensín,19758.0
3338,2012,1,Steinolía og þotueldsneyti,0.0
3339,2012,1,Steinolía og þotueldsneyti,0.0
3342,2012,1,Dísilolía,8808.0
3343,2012,1,Dísilolía,259.0
3402,2012,1,Metan,0.0
3405,2012,1,Vetni,0.0
3407,2012,1,Lífdísilolía,0.0
3408,2012,1,Lífdísilolía,0.0
3422,2012,1,Etanól,0.0
3424,2012,1,Metanól,0.0
3429,2012,1,Bensín,0.0
3430,2012,1,Steinolía og þotueldsneyti,0.0
3431,2012,1,Steinolía og þotueldsneyti,0.0
3434,2012,1,Dísilolía,0.0
3435,2012,1,Dísilolía,0.0
3494,2012,1,Metan,0.0
3497,2012,1,Vetni,0.0
3499,2012,1,Lífdísilolía,0.0
3500,2012,1,Lífdísilolía,0.0
3514,2012,1,Etanól,0.0
3516,2012,1,Metanól,0.0
3521,2012,1,Bensín,43016.0
3522,2012,1,Steinolía og þotueldsneyti,9.0
3523,2012,1,Steinolía og þotueldsneyti,28.0
3526,2012,1,Dísilolía,44712.0
3527,2012,1,Dísilolía,13351.0
3588,2012,1,Metan,2009.0
3591,2012,1,Vetni,0.0
3593,2012,1,Lífdísilolía,176.0
3594,2012,1,Lífdísilolía,0.0
3608,2012,1,Etanól,0.0
3610,2012,1,Metanól,0.0
3618,2012,1,Bensín,0.0
3619,2012,1,Steinolía og þotueldsneyti,0.0
3620,2012,1,Steinolía og þotueldsneyti,0.0
3623,2012,1,Dísilolía,0.0
3624,2012,1,Dísilolía,0.0
3683,2012,1,Metan,0.0
3686,2012,1,Vetni,0.0
3688,2012,1,Lífdísilolía,0.0
3689,2012,1,Lífdísilolía,0.0
3703,2012,1,Etanól,0.0
3705,2012,1,Metanól,0.0
3710,2012,1,Bensín,36837.0
3711,2012,1,Steinolía og þotueldsneyti,24.0
3712,2012,1,Steinolía og þotueldsneyti,0.0
3715,2012,1,Dísilolía,27575.0
3716,2012,1,Dísilolía,7469.0
3775,2012,1,Metan,0.0
3778,2012,1,Vetni,0.0
3780,2012,1,Lífdísilolía,0.0
3781,2012,1,Lífdísilolía,0.0
3795,2012,1,Etanól,0.0
3797,2012,1,Metanól,0.0
3802,2012,1,Bensín,37230.0
3803,2012,1,Steinolía og þotueldsneyti,64.0
3804,2012,1,Steinolía og þotueldsneyti,0.0
3807,2012,1,Dísilolía,29445.0
3808,2012,1,Dísilolía,8254.0
3867,2012,1,Metan,0.0
3870,2012,1,Vetni,0.0
3872,2012,1,Lífdísilolía,0.0
3873,2012,1,Lífdísilolía,0.0
3887,2012,1,Etanól,0.0
3889,2012,1,Metanól,0.0
3892,2013,1,Bensín,17804.0
3893,2013,1,Dísilolía,8788.0
3894,2013,1,Dísilolía,296.0
3911,2013,1,Bensín,41998.0
3913,2013,1,Dísilolía,47284.0
3914,2013,1,Dísilolía,12968.0
3942,2013,1,Metan,1680.0
3943,2013,1,Lífdísilolía,122.0
3944,2013,1,Lífdísilolía,47.0
3948,2013,1,Bensín,38265.0
3949,2013,1,Steinolía og þotueldsneyti,34.0
3952,2013,1,Dísilolía,32295.0
3953,2013,1,Dísilolía,3968.0
3985,2013,1,Metan,268.0
3986,2013,1,Lífdísilolía,2185.0
3990,2013,1,Bensín,36874.0
3991,2013,1,Steinolía og þotueldsneyti,56.0
3994,2013,1,Dísilolía,28685.0
3995,2013,1,Dísilolía,10969.0
4020,2013,1,Metan,0.0
4024,2014,1,Bensín,17038.0
4025,2014,1,Steinolía og þotueldsneyti,0.0
4026,2014,1,Steinolía og þotueldsneyti,0.0
4029,2014,1,Dísilolía,9097.0
4030,2014,1,Dísilolía,641.0
4089,2014,1,Metan,0.0
4092,2014,1,Vetni,0.0
4094,2014,1,Lífdísilolía,258.0
4095,2014,1,Lífdísilolía,9.0
4109,2014,1,Etanól,0.0
4111,2014,1,Metanól,0.0
4120,2014,1,Bensín,0.0
4121,2014,1,Steinolía og þotueldsneyti,0.0
4122,2014,1,Steinolía og þotueldsneyti,0.0
4125,2014,1,Dísilolía,0.0
4126,2014,1,Dísilolía,0.0
4185,2014,1,Metan,0.0
4188,2014,1,Vetni,0.0
4190,2014,1,Lífdísilolía,0.0
4191,2014,1,Lífdísilolía,0.0
4205,2014,1,Etanól,0.0
4207,2014,1,Metanól,0.0
4212,2014,1,Bensín,40711.0
4213,2014,1,Steinolía og þotueldsneyti,104.0
4214,2014,1,Steinolía og þotueldsneyti,627.0
4217,2014,1,Dísilolía,40230.0
4218,2014,1,Dísilolía,20050.0
4277,2014,1,Metan,981.0
4280,2014,1,Vetni,0.0
4282,2014,1,Lífdísilolía,1699.0
4283,2014,1,Lífdísilolía,46.0
4297,2014,1,Etanól,0.0
4299,2014,1,Metanól,0.0
4304,2014,1,Bensín,36218.0
4305,2014,1,Steinolía og þotueldsneyti,31.0
4306,2014,1,Steinolía og þotueldsneyti,0.0
4309,2014,1,Dísilolía,31668.0
4310,2014,1,Dísilolía,7164.0
4369,2014,1,Metan,880.0
4372,2014,1,Vetni,0.0
4374,2014,1,Lífdísilolía,2522.0
4375,2014,1,Lífdísilolía,0.0
4389,2014,1,Etanól,0.0
4391,2014,1,Metanól,0.0
4396,2014,1,Bensín,0.0
4397,2014,1,Steinolía og þotueldsneyti,0.0
4398,2014,1,Steinolía og þotueldsneyti,0.0
4401,2014,1,Dísilolía,0.0
4402,2014,1,Dísilolía,0.0
4461,2014,1,Metan,0.0
4464,2014,1,Vetni,0.0
4466,2014,1,Lífdísilolía,0.0
4467,2014,1,Lífdísilolía,0.0
4481,2014,1,Etanól,0.0
4483,2014,1,Metanól,0.0
4487,2014,1,Rafmagn,1029470.0
4490,2014,1,Bensín,38079.0
4491,2014,1,Steinolía og þotueldsneyti,0.0
4492,2014,1,Steinolía og þotueldsneyti,0.0
4495,2014,1,Dísilolía,31751.0
4496,2014,1,Dísilolía,12602.0
4555,2014,1,Metan,84.0
4558,2014,1,Vetni,0.0
4560,2014,1,Lífdísilolía,0.0
4561,2014,1,Lífdísilolía,0.0
4575,2014,1,Etanól,0.0
4577,2014,1,Metanól,0.0
4580,2014,1,Rafmagn,52747.0
4583,2015,1,Bensín,16491.0
4584,2015,1,Steinolía og þotueldsneyti,0.0
4585,2015,1,Steinolía og þotueldsneyti,0.0
4588,2015,1,Dísilolía,8808.0
4589,2015,1,Dísilolía,894.0
4648,2015,1,Metan,0.0
4651,2015,1,Vetni,0.0
4653,2015,1,Lífdísilolía,1554.0
4654,2015,1,Lífdísilolía,0.0
4668,2015,1,Etanól,0.0
4670,2015,1,Metanól,0.0
4675,2015,1,Bensín,0.0
4676,2015,1,Steinolía og þotueldsneyti,0.0
4677,2015,1,Steinolía og þotueldsneyti,0.0
4680,2015,1,Dísilolía,0.0
4681,2015,1,Dísilolía,0.0
4740,2015,1,Metan,0.0
4743,2015,1,Vetni,0.0
4745,2015,1,Lífdísilolía,0.0
4746,2015,1,Lífdísilolía,0.0
4760,2015,1,Etanól,0.0
4762,2015,1,Metanól,0.0
4770,2015,1,Bensín,0.0
4771,2015,1,Steinolía og þotueldsneyti,0.0
4772,2015,1,Steinolía og þotueldsneyti,0.0
4775,2015,1,Dísilolía,0.0
4776,2015,1,Dísilolía,0.0
4835,2015,1,Metan,0.0
4838,2015,1,Vetni,0.0
4840,2015,1,Lífdísilolía,0.0
4841,2015,1,Lífdísilolía,0.0
4855,2015,1,Etanól,0.0
4857,2015,1,Metanól,0.0
4862,2015,1,Bensín,42800.0
4863,2015,1,Steinolía og þotueldsneyti,122.0
4864,2015,1,Steinolía og þotueldsneyti,29.0
4867,2015,1,Dísilolía,48437.0
4868,2015,1,Dísilolía,13253.0
4927,2015,1,Metan,947.0
4930,2015,1,Vetni,0.0
4932,2015,1,Lífdísilolía,4073.0
4933,2015,1,Lífdísilolía,0.0
4947,2015,1,Etanól,832.0
4949,2015,1,Metanól,0.0
4954,2015,1,Bensín,35970.0
4955,2015,1,Steinolía og þotueldsneyti,35.0
4956,2015,1,Steinolía og þotueldsneyti,0.0
4959,2015,1,Dísilolía,35113.0
4960,2015,1,Dísilolía,7246.0
5019,2015,1,Metan,955.0
5022,2015,1,Vetni,0.0
5024,2015,1,Lífdísilolía,3101.0
5025,2015,1,Lífdísilolía,0.0
5039,2015,1,Etanól,490.0
5041,2015,1,Metanól,0.0
5046,2015,1,Bensín,0.0
5047,2015,1,Steinolía og þotueldsneyti,0.0
5048,2015,1,Steinolía og þotueldsneyti,0.0
5051,2015,1,Dísilolía,0.0
5052,2015,1,Dísilolía,0.0
5111,2015,1,Metan,0.0
5114,2015,1,Vetni,0.0
5116,2015,1,Lífdísilolía,0.0
5117,2015,1,Lífdísilolía,0.0
5131,2015,1,Etanól,0.0
5133,2015,1,Metanól,0.0
5136,2015,1,Rafmagn,1717339.0
5139,2015,1,Bensín,37213.0
5140,2015,1,Steinolía og þotueldsneyti,0.0
5141,2015,1,Steinolía og þotueldsneyti,0.0
5144,2015,1,Dísilolía,34013.0
5145,2015,1,Dísilolía,11690.0
5204,2015,1,Metan,275.0
5207,2015,1,Vetni,0.0
5209,2015,1,Lífdísilolía,3189.0
5210,2015,1,Lífdísilolía,0.0
5224,2015,1,Etanól,608.0
5226,2015,1,Metanól,0.0
5229,2015,1,Rafmagn,202252.0
5232,2016,1,Bensín,15966.0
5233,2016,1,Steinolía og þotueldsneyti,0.0
5234,2016,1,Steinolía og þotueldsneyti,0.0
5237,2016,1,Dísilolía,9503.0
5238,2016,1,Dísilolía,1058.0
5297,2016,1,Metan,0.0
5300,2016,1,Vetni,0.0
5302,2016,1,Lífdísilolía,1817.0
5303,2016,1,Lífdísilolía,81.0
5317,2016,1,Etanól,0.0
5319,2016,1,Metanól,0.0
5322,2016,1,Metanól,6.0
5330,2016,1,Bensín,0.0
5331,2016,1,Steinolía og þotueldsneyti,0.0
5332,2016,1,Steinolía og þotueldsneyti,0.0
5335,2016,1,Dísilolía,0.0
5336,2016,1,Dísilolía,0.0
5395,2016,1,Metan,0.0
5398,2016,1,Vetni,0.0
5400,2016,1,Lífdísilolía,0.0
5401,2016,1,Lífdísilolía,0.0
5415,2016,1,Etanól,0.0
5417,2016,1,Metanól,0.0
5422,2016,1,Bensín,0.0
5423,2016,1,Steinolía og þotueldsneyti,0.0
5424,2016,1,Steinolía og þotueldsneyti,0.0
5427,2016,1,Dísilolía,0.0
5428,2016,1,Dísilolía,0.0
5487,2016,1,Metan,0.0
5490,2016,1,Vetni,0.0
5492,2016,1,Lífdísilolía,0.0
5493,2016,1,Lífdísilolía,0.0
5507,2016,1,Etanól,0.0
5509,2016,1,Metanól,0.0
5514,2016,1,Bensín,44190.0
5515,2016,1,Steinolía og þotueldsneyti,0.0
5516,2016,1,Steinolía og þotueldsneyti,5.0
5519,2016,1,Dísilolía,56245.0
5520,2016,1,Dísilolía,14055.0
5579,2016,1,Metan,435.0
5582,2016,1,Vetni,0.0
5584,2016,1,Lífdísilolía,3967.0
5585,2016,1,Lífdísilolía,0.0
5599,2016,1,Etanól,1814.0
5601,2016,1,Metanól,0.0
5606,2016,1,Bensín,0.0
5607,2016,1,Steinolía og þotueldsneyti,0.0
5608,2016,1,Steinolía og þotueldsneyti,0.0
5611,2016,1,Dísilolía,0.0
5612,2016,1,Dísilolía,0.0
5671,2016,1,Metan,0.0
5674,2016,1,Vetni,0.0
5676,2016,1,Lífdísilolía,0.0
5677,2016,1,Lífdísilolía,0.0
5691,2016,1,Etanól,0.0
5693,2016,1,Metanól,0.0
5698,2016,1,Bensín,37592.0
5699,2016,1,Steinolía og þotueldsneyti,28.0
5700,2016,1,Steinolía og þotueldsneyti,0.0
5703,2016,1,Dísilolía,41287.0
5704,2016,1,Dísilolía,8583.0
5763,2016,1,Metan,771.0
5766,2016,1,Vetni,0.0
5768,2016,1,Lífdísilolía,2559.0
5769,2016,1,Lífdísilolía,0.0
5783,2016,1,Etanól,1308.0
5785,2016,1,Metanól,0.0
5790,2016,1,Bensín,0.0
5791,2016,1,Steinolía og þotueldsneyti,0.0
5792,2016,1,Steinolía og þotueldsneyti,0.0
5795,2016,1,Dísilolía,0.0
5796,2016,1,Dísilolía,0.0
5855,2016,1,Metan,0.0
5858,2016,1,Vetni,0.0
5860,2016,1,Lífdísilolía,0.0
5861,2016,1,Lífdísilolía,0.0
5875,2016,1,Etanól,0.0
5877,2016,1,Metanól,0.0
5880,2016,1,Rafmagn,3161008.0
5883,2016,1,Bensín,38607.0
5884,2016,1,Steinolía og þotueldsneyti,0.0
5885,2016,1,Steinolía og þotueldsneyti,0.0
5888,2016,1,Dísilolía,39049.0
5889,2016,1,Dísilolía,14879.0
5948,2016,1,Metan,207.0
5951,2016,1,Vetni,0.0
5953,2016,1,Lífdísilolía,3070.0
5954,2016,1,Lífdísilolía,0.0
5968,2016,1,Etanól,1576.0
5970,2016,1,Metanól,0.0
5975,2016,1,Bensín,0.0
5976,2016,1,Steinolía og þotueldsneyti,0.0
5977,2016,1,Steinolía og þotueldsneyti,0.0
5980,2016,1,Dísilolía,0.0
5981,2016,1,Dísilolía,0.0
6040,2016,1,Metan,0.0
6043,2016,1,Vetni,0.0
6045,2016,1,Lífdísilolía,0.0
6046,2016,1,Lífdísilolía,0.0
6060,2016,1,Etanól,0.0
6062,2016,1,Metanól,0.0
6065,2016,1,Rafmagn,997970.0
6066,2017,1,Bensín,13275.0
6067,2017,1,Dísilolía,9737.0
6068,2017,1,Dísilolía,1095.0
6069,2017,1,Lífdísilolía,1340.0
6070,2017,1,Lífdísilolía,18.0
6071,2017,1,Bensín,10018.0
6072,2017,1,Dísilolía,7256.0
6073,2017,1,Lífdísilolía,650.0
6074,2017,1,Etanól,549.0
6075,2017,1,Metanól,6.0
6084,2017,1,Bensín,42053.0
6085,2017,1,Steinolía og þotueldsneyti,7.0
6087,2017,1,Dísilolía,60750.0
6088,2017,1,Dísilolía,14107.0
6115,2017,1,Metan,359.1
6116,2017,1,Lífdísilolía,4998.0
6117,2017,1,Etanól,1686.0
6119,2017,1,Metan,0.0
6121,2017,1,Bensín,33793.0
6122,2017,1,Steinolía og þotueldsneyti,45.0
6125,2017,1,Dísilolía,44302.0
6126,2017,1,Dísilolía,8903.0
6153,2017,1,Metan,839.7
6154,2017,1,Lífdísilolía,2151.0
6155,2017,1,Etanól,1423.0
6156,2017,1,Lífdísilolía,6.0
6161,2017,1,Rafmagn,5421354.0
6163,2017,1,Bensín,34621.0
6166,2017,1,Dísilolía,42192.0
6167,2017,1,Dísilolía,15353.0
6186,2017,1,Metan,222.4
6187,2017,1,Lífdísilolía,3889.0
6188,2017,1,Etanól,911.0
6190,2017,1,Rafmagn,3549278.0
6191,2018,1,Bensín,13362.0
6192,2018,1,Dísilolía,11397.0
6193,2018,1,Dísilolía,1413.0
6194,2018,1,Lífdísilolía,1021.0
6195,2018,1,Lífdísilolía,28.0
6196,2018,1,Etanól,612.0
6199,2018,1,Bensín,14649.0
6200,2018,1,Dísilolía,12324.0
6201,2018,1,Lífdísilolía,1107.0
6202,2018,1,Etanól,794.0
6203,2018,1,Metanól,3.0
6212,2018,1,Lífdísilolía,16.0
6214,2018,1,Bensín,37383.0
6215,2018,1,Steinolía og þotueldsneyti,30.0
6217,2018,1,Dísilolía,68709.0
6218,2018,1,Dísilolía,8233.0
6245,2018,1,Metan,303.0
6246,2018,1,Lífdísilolía,5119.0
6247,2018,1,Etanól,1839.0
6249,2018,1,Metan,0.0
6251,2018,1,Bensín,31371.0
6252,2018,1,Steinolía og þotueldsneyti,27.0
6255,2018,1,Dísilolía,45916.0
6256,2018,1,Dísilolía,9280.0
6281,2018,1,Metan,841.0
6282,2018,1,Lífdísilolía,3272.0
6283,2018,1,Etanól,1397.0
6284,2018,1,Lífdísilolía,4.0
6287,2018,1,Rafmagn,6617021.0
6289,2018,1,Bensín,30339.0
6292,2018,1,Dísilolía,40567.0
6293,2018,1,Dísilolía,12510.0
6310,2018,1,Metan,236.0
6311,2018,1,Vetni,945.0
6312,2018,1,Lífdísilolía,4754.0
6313,2018,1,Etanól,1447.0
6315,2018,1,Rafmagn,172265.0
6316,2018,1,Rafmagn,7663355.0
6317,2019,1,Bensín,17269.0
6318,2019,1,Dísilolía,14662.0
6321,2019,1,Dísilolía,584.0
6322,2019,1,Lífdísilolía,1374.0
6323,2019,1,Lífdísilolía,28.0
6324,2019,1,Etanól,904.0
6327,2019,1,Bensín,13303.0
6328,2019,1,Dísilolía,12672.0
6329,2019,1,Lífdísilolía,1135.0
6330,2019,1,Etanól,727.0
6331,2019,1,Metanól,2.0
6333,2019,1,Bensín,868.0
6334,2019,1,Dísilolía,385.0
6335,2019,1,Lífdísilolía,39.0
6336,2019,1,Etanól,42.0
6339,2019,1,Bensín,33001.0
6340,2019,1,Steinolía og þotueldsneyti,63.5048
6342,2019,1,Dísilolía,66989.0
6345,2019,1,Dísilolía,55.618745
6374,2019,1,Metan,303.89775
6375,2019,1,Lífdísilolía,4904.0
6376,2019,1,Etanól,1712.0
6378,2019,1,Metan,0.0
6379,2019,1,Bensín,27976.0
6380,2019,1,Steinolía og þotueldsneyti,29.0
6383,2019,1,Dísilolía,44914.0
6386,2019,1,Dísilolía,5444.0
6411,2019,1,Metan,891.82575
6412,2019,1,Lífdísilolía,3915.0
6413,2019,1,Etanól,1416.0
6418,2019,1,Rafmagn,9429621.0
6420,2019,1,Bensín,26327.0
6423,2019,1,Dísilolía,41237.0
6426,2019,1,Dísilolía,1041.0
6451,2019,1,Metan,293.13675
6452,2019,1,Vetni,870.0
6453,2019,1,Lífdísilolía,3512.0
6454,2019,1,Etanól,1440.0
6455,2019,1,Rafmagn,1304475.0
6456,2019,1,Rafmagn,11821344.0
